{"cameraMode":{"drawMode":0,"name":"Shaded","section":"Shading Mode"},"sceneLighting":true,"audioPlay":false,"sceneViewState":{"m_AlwaysRefresh":false,"showFog":true,"showSkybox":true,"showFlares":true,"showImageEffects":true,"showParticleSystems":true,"showVisualEffectGraphs":true,"m_FxEnabled":true},"in2DMode":false,"pivot":{"x":9.024323463439942,"y":2.995359182357788,"z":15.551383018493653},"rotation":{"x":-0.00917738862335682,"y":0.04390568286180496,"z":-0.0032386393286287786,"w":-0.9992676377296448},"size":3.458118200302124,"orthographic":false}