{"cameraMode":{"drawMode":0,"name":"Shaded","section":"Shading Mode"},"sceneLighting":true,"audioPlay":false,"sceneViewState":{"m_AlwaysRefresh":true,"showFog":true,"showSkybox":true,"showFlares":true,"showImageEffects":true,"showParticleSystems":true,"showVisualEffectGraphs":true,"m_FxEnabled":true},"in2DMode":false,"pivot":{"x":0.6722135543823242,"y":2.6579136848449709,"z":-0.9332981109619141},"rotation":{"x":-0.1531984955072403,"y":0.44443070888519289,"z":-0.07742507755756378,"w":-0.8792476058006287},"size":1.8284982442855836,"orthographic":true}