{"cameraMode":{"drawMode":0,"name":"Shaded","section":"Shading Mode"},"sceneLighting":true,"audioPlay":false,"sceneViewState":{"m_AlwaysRefresh":true,"showFog":true,"showSkybox":true,"showFlares":true,"showImageEffects":true,"showParticleSystems":true,"showVisualEffectGraphs":true,"m_FxEnabled":true},"in2DMode":false,"pivot":{"x":-0.14447958767414094,"y":0.9086816310882568,"z":0.14961859583854676},"rotation":{"x":-0.10409511625766754,"y":0.37228700518608096,"z":-0.0420500785112381,"w":-0.9213371276855469},"size":1.1215019226074219,"orthographic":true}