{"cameraMode":{"drawMode":0,"name":"Shaded","section":"Shading Mode"},"sceneLighting":true,"audioPlay":false,"sceneViewState":{"m_AlwaysRefresh":true,"showFog":true,"showSkybox":true,"showFlares":true,"showImageEffects":true,"showParticleSystems":true,"showVisualEffectGraphs":true,"m_FxEnabled":true},"in2DMode":false,"pivot":{"x":-0.026923835277557374,"y":0.8187371492385864,"z":0.0014030933380126954},"rotation":{"x":-0.005368662998080254,"y":0.7000831365585327,"z":-0.005239009391516447,"w":-0.7140661478042603},"size":1.208812952041626,"orthographic":true}